asset,threshold,xi,beta,VaR_99%,ES_99%,num_excesses
^GSPC,1.144301294773774,0.24839965902534256,0.17151798818678127,1.8231115009410506,2.2756581449467963,17
^GDAXI,1.1919016940892226,0.5726628224734567,0.17064372850672088,2.338304401991128,4.27388591093593,17
^FCHI,1.1992236192869328,-0.6757866027821648,0.5971950152314593,1.9457211868320767,2.0010515969935128,17
^N225,1.1915182628914942,0.21962342598516169,0.1930535548178089,1.922749713395334,2.375927221461891,17
^BVSP,1.1749165505525496,-0.05181224131918778,0.3987165461041411,2.1990155200817,2.5276442140457887,17
^NSEI,1.179061233553065,-0.44470224346994414,0.39482369432395364,1.8062757343189515,1.8864998768509864,17
