asset,chosen_threshold,num_excesses,xi,beta,VaR_99%,ES_99%
^GSPC,1.5,4,,,,
^GDAXI,1.7,3,,,,
^FCHI,1.8,3,,,,
^N225,1.4,6,-1.4338540454715025,0.8596495676639395,,
^BVSP,1.4,9,0.36834430545505525,0.25544878391343356,,
^NSEI,1.5,7,-1.1223018283820188,0.4751456420746649,,
