asset,threshold_95%,xi,beta,VaR_99%,ES_99%,num_excesses
^GSPC,1.200849643436224,0.28568037506473937,0.14375252106465916,1.6742005206588515,2.064753387286486,11
^GDAXI,1.2021058804349662,0.4664098196779315,0.14983306721191583,1.8292037195828088,2.6581501162768113,11
^FCHI,1.2049064664192897,-0.8369013187964081,0.6610988035720048,1.8815971862776082,1.9331924716288031,11
^N225,1.195872410257118,0.0017215400124297934,0.2543647311418973,1.7874172177472971,2.0432407273523387,11
^BVSP,1.315119088578296,0.7033742321228793,0.0966441119638698,1.880739420180412,3.54777894245968,11
^NSEI,1.2183092199358891,-1.3674678714182336,0.9641439639566605,1.8938645197617945,1.910905425180399,11
